<?xml version="1.0" encoding="UTF-8"?>
<!DOCTYPE mapper PUBLIC "-//mybatis.org//DTD Mapper 3.0//EN" "http://mybatis.org/dtd/mybatis-3-mapper.dtd" >
<mapper namespace="com.ssm.dao.IPermissionDao">
    <resultMap id="BaseResultMap" type="com.ssm.pojo.Permission">
        <result column="permissionname" property="permissionname" jdbcType="VARCHAR" />
    </resultMap>
    <select id="findByPermissions" parameterType="int" resultMap="BaseResultMap" >
        SELECT 
        permission.id,permission.permissionname 
        from 
        adminuser,user_permission,permission
        where 
        #{id}=user_permission.u_id 
        and 
        user_permission.p_id = permission.id 
    </select> 
   
    
    <select id="findAll" parameterType="int" resultMap="BaseResultMap">
   		SELECT 
        permission.id,permission.permissionname 
        from 
        adminuser,user_permission,permission
        where 
        #{id}=user_permission.u_id 
        and 
        user_permission.p_id = permission.id
    </select>
    
    <select id="findByIdAll" parameterType="int" resultMap="BaseResultMap">
   		SELECT 
        permission.id,permission.permissionname 
        from 
        adminuser,user_permission,permission
        where 
        #{id}=user_permission.u_id 
        and 
        user_permission.p_id = permission.id
    </select>
    
    

<select id="findByname" parameterType="com.ssm.pojo.Permission" resultType="com.ssm.pojo.Permission">
        SELECT * FROM permission
        WHERE
        permissionname=#{permissionname,jdbcType=VARCHAR}
    </select> 
    
    <insert id="savePers" parameterType="int">  
        insert into user_permission(u_id,p_id) 
        values(#{user_id},#{id})  
    </insert>
    
    
    <delete id="delete" parameterType="int">    
        delete from user_permission where u_id=#{id}           
    </delete>

</mapper>