<?xml version="1.0" encoding="UTF-8"?>
<!DOCTYPE mapper PUBLIC "-//mybatis.org//DTD Mapper 3.0//EN" "http://mybatis.org/dtd/mybatis-3-mapper.dtd" >
<mapper namespace="com.ssm.dao.IRolesDao">
    <resultMap id="BaseResultMap" type="com.ssm.pojo.Roles">
        <result column="id" property="id" jdbcType="INTEGER" />
        <result column="rolesname" property="rolesname" jdbcType="VARCHAR" /> 
    </resultMap>
 	<select id="findByRoles" parameterType="int" resultType="com.ssm.pojo.Roles">
        SELECT roles.id,roles.rolesname from adminuser,user_role,roles
        where #{id}=user_role.u_id and r_id=roles.id        
    </select> 
    <select id="findAll" parameterType="int" resultType="com.ssm.pojo.Roles">
        SELECT roles.id,roles.rolesname 
        from 
        adminuser,user_role,roles
        where 
        #{id}=user_role.u_id 
        and 
        r_id=roles.id        
    </select> 
</mapper>