<?xml version="1.0" encoding="UTF-8"?>
<!DOCTYPE mapper PUBLIC "-//mybatis.org//DTD Mapper 3.0//EN" "http://mybatis.org/dtd/mybatis-3-mapper.dtd" >
<mapper namespace="com.ssm.dao.IRolesDao">
    <resultMap id="BaseResultMap" type="com.ssm.pojo.Roles">
        <result column="id" property="id" jdbcType="INTEGER" />
        <result column="rolesname" property="rolesname" jdbcType="VARCHAR" /> 
    </resultMap>
    
 	<select id="findByRoles" parameterType="int" resultType="com.ssm.pojo.Roles">
        SELECT roles.id,roles.rolesname from adminuser,user_role,roles
        where #{id}=user_role.u_id and r_id=roles.id        
    </select>
     
     <select id="findById" parameterType="com.ssm.pojo.Roles" resultType="com.ssm.pojo.Roles">
        SELECT * from roles
        where rolesname=#{rolesname,jdbcType=VARCHAR}        
    </select>
    <select id="findAll" parameterType="int" resultType="com.ssm.pojo.Roles">
        SELECT roles.id,roles.rolesname 
        from 
        adminuser,user_role,roles
        where 
        #{id}=user_role.u_id 
        and 
        r_id=roles.id        
    </select>
    <!-- 给注册成功的用户添加角色（user） -->
    <insert id="insetRoles" parameterType="int">
    insert into user_role(u_id,r_id)
    values(#{id},1) 
    </insert>
<!-- 删除用户时将拥有的角色也删除     -->
    <delete id="delete" parameterType="int">    
        delete from user_role where id=#{id} 
           
    </delete>
    
    <update id="update" parameterType="int">
    	update user_role set r_id=#{id} where u_id=#{user_id}
    </update>

</mapper>