<?xml version="1.0" encoding="UTF-8"?>
<!DOCTYPE mapper PUBLIC "-//mybatis.org//DTD Mapper 3.0//EN" "http://mybatis.org/dtd/mybatis-3-mapper.dtd" >
<mapper namespace="com.ssm.dao.IUserDao">
    <resultMap id="BaseResultMap" type="com.ssm.pojo.User">
        <result column="id" property="id" jdbcType="INTEGER" />
        <result column="username" property="username" jdbcType="VARCHAR" />
        <result column="password" property="password" jdbcType="VARCHAR" />
 
    </resultMap>
 
<!--  java.util.Map -->

    <!--用户登录 -->
    <select id="login" parameterType="com.ssm.pojo.User" resultType="com.ssm.pojo.User">
        SELECT * FROM adminuser
        WHERE
        username=#{username,jdbcType=VARCHAR}
    </select>    
    <!--用户登录 end-->
 	<!--用户注册 --> 	
    <select id="selectUser" parameterType="com.ssm.pojo.User" resultType="com.ssm.pojo.User">
        SELECT * FROM adminuser 
        WHERE
        username=#{username,jdbcType=VARCHAR}        
    </select>
    <insert id="insertUser" parameterType="com.ssm.pojo.User">  
        insert into adminuser(username,password,salt) 
        values(#{username},#{password},#{salt})  
    </insert>
    <!--用户注册 end--> 
    
    <!--查询所有用户 -->
    <select id="findAll"  resultMap="BaseResultMap">    
        select *  from adminuser    
    </select>
    
    
    <!--查询所有用户 end-->
    
        <!--添加新用户 -->
       <insert id="addUser" parameterType="com.ssm.pojo.User">  
        insert into adminuser(username,password,salt) 
        values(#{username},#{password},#{salt})  
    </insert>
    <!--添加新用户 end--> 
    
    <!--删除用户 --> 
    <delete id="delete" parameterType="int">    
        delete from adminuser where id=#{id} 
           
    </delete>
    <!--删除用户 end-->  
    
    <!--修改用户 -->    
    <select id="findById" parameterType="int" resultType="com.ssm.pojo.User">
    	select * from adminuser where id=#{id}
    </select>
    
    <select id="findRoles" parameterType="String" resultMap="BaseResultMap">
    	
    </select>
    
    <update id="update" parameterType="com.ssm.pojo.User">
    	update adminuser set username=#{username} where id=#{id}
    </update>
    <!--修改用户 end--> 
    <!-- 模糊查询 -->
    <select id="keywordfindAll"  resultMap="BaseResultMap">    
        select *  from  adminuser  
        where 
        username LIKE concat(#{username},'%')
    </select>
    
    <!--根据用户名查询用户 -->
    <select id="findByUserName" parameterType="com.ssm.pojo.User" resultType="com.ssm.pojo.User">
        SELECT * FROM adminuser
        WHERE
        username=#{username,jdbcType=VARCHAR}
    </select>    
    <!--根据用户名查询用户 end-->
</mapper>