<?xml version="1.0" encoding="UTF-8"?>
<beans xmlns="http://www.springframework.org/schema/beans"
	xmlns:xsi="http://www.w3.org/2001/XMLSchema-instance"
	xsi:schemaLocation="
       http://www.springframework.org/schema/beans http://www.springframework.org/schema/beans/spring-beans-3.0.xsd">
	
	<!-- 1、配置securityManager -->
	<bean id="securityManager" class="org.apache.shiro.web.mgt.DefaultWebSecurityManager">
		<property name="cacheManager" ref="cacheManager" />
		<property name="realm" ref="jdbcRealm" />
	</bean>
	<!--1、end  -->
	<!-- 2、配置cacheManager -->
	<bean id="cacheManager" class="org.apache.shiro.cache.ehcache.EhCacheManager">
		<!-- ehcache的配置文件 -->
		<property name="cacheManagerConfigFile" value="classpath:ehcache.xml" />
	</bean>
	<!--2、end  -->
	<bean id="credentialsMatcher" class="org.apache.shiro.authc.credential.HashedCredentialsMatcher">
				<property name="hashAlgorithmName" value="md5" />
				<property name="hashIterations" value="2" />
				<property name="storedCredentialsHexEncoded" value="true" />
	</bean>

	<!-- 3、配置jdbcRealm -->
	<bean id="jdbcRealm" class="com.ssm.shiro.Realm">
		<property name="credentialsMatcher" ref="credentialsMatcher"></property>
	</bean>
	<!--3、end  -->
	<!-- 4、配置lifecycleBeanPostProcessor，可以自动的调用来配置在spring ioc容器中的shiro bean的生命周期 -->
	<bean id="lifecycleBeanPostProcessor" class="org.apache.shiro.spring.LifecycleBeanPostProcessor" />
	<!--4、end  -->
	<!-- 5、启用ioc容器中使用shiro注解，但必须在配置了lifecycleBeanPostProcessor之后才可以使用 -->
	<bean
		class="org.springframework.aop.framework.autoproxy.DefaultAdvisorAutoProxyCreator"
		depends-on="lifecycleBeanPostProcessor" />

	<bean
		class="org.apache.shiro.spring.security.interceptor.AuthorizationAttributeSourceAdvisor">
		<property name="securityManager" ref="securityManager" />
	</bean>
	<!--5、end  -->


 
 

	<!--6、配置ShiroFilter -->
	<bean id="shiroFilter" class="org.apache.shiro.spring.web.ShiroFilterFactoryBean">
		<!-- 进入安全管理器 -->
		<property name="securityManager" ref="securityManager"></property>
		<!--登入页面 -->
		<property name="loginUrl" value="/login"></property>
		<!--登入成功页面 -->
		<property name="successUrl" value="/home" />
		<!-- 权限不足页面 -->
		<property name="unauthorizedUrl" value="/error/unauthorized"></property>
		<!--URL的拦截 -->
		<property name="filterChainDefinitions">
			<value>
			<!-- roles:角色过滤器，参数可以有多个，表示当前用户必须具有所有包含的角色才能访问对应的URL或者方法 -->
				<!-- /user/manage = roles["admin"] -->
				<!-- anon:匿名过滤器，不需要用户认证通过就能访问，常用于访问静态资源和登录界面及用于登录的方法 -->
				/login = anon
				/register = anon
				/user/login = anon
				/user/register = anon
				/assets/**=anon
				/logout = logout
				<!-- authc:表示认证通过才能访问 -->
				/** = authc
			</value>
		</property>
	</bean>
<!--6、end  -->
		
	<!-- URL拦截 -->
	<!-- anon -->
	<!-- authc -->
	<!-- authcBasic -->
	<!-- logout -->
	<!-- noSessionCreation -->
	<!-- perms -->
	<!-- port -->
	<!-- rest -->
	<!-- roles -->
	<!-- ssl -->
	<!-- user -->

</beans>