<?xml version="1.0" encoding="UTF-8"?>
<beans xmlns="http://www.springframework.org/schema/beans"
    xmlns:xsi="http://www.w3.org/2001/XMLSchema-instance" xmlns:p="http://www.springframework.org/schema/p"
    xmlns:context="http://www.springframework.org/schema/context"
    xmlns:mvc="http://www.springframework.org/schema/mvc"
    xsi:schemaLocation="http://www.springframework.org/schema/beans     
                        http://www.springframework.org/schema/beans/spring-beans-3.1.xsd     
                        http://www.springframework.org/schema/context     
                        http://www.springframework.org/schema/context/spring-context-3.1.xsd     
                        http://www.springframework.org/schema/mvc     
                        http://www.springframework.org/schema/mvc/spring-mvc-4.0.xsd">
 
    <bean id="propertyConfigurer"
        class="org.springframework.beans.factory.config.PropertyPlaceholderConfigurer">
        <property name="location" value="classpath:jdbc.properties" />
    </bean>
    <bean id="dataSource" class="org.apache.commons.dbcp.BasicDataSource"
        destroy-method="close">
        <property name="driverClassName" value="${driver}" />
        <!--数据库连接的url -->
        <property name="url" value="${url}" />
        <!--用户名 -->
        <property name="username" value="${username}" />
        <!--密码 -->
        <property name="password" value="${password}" />
        <!--初始化连接大小 -->
        <property name="initialSize" value="${initialSize}" />
        <!--连接池最大数量 -->
        <property name="maxActive" value="${maxActive}" />
        <!--连接池最大空闲 -->
        <property name="maxIdle" value="${maxIdle}" />
        <!--连接池最小空闲 -->
        <property name="minIdle" value="${minIdle}" />
        <!--获取连接最长等待时间 -->
        <property name="maxWait" value="${maxWait}" />
    </bean>
 
    <!--spring与mybatis完美整合，不需要mybatis配置映射文件 -->
    <bean id="sqlSessionFactory" class="org.mybatis.spring.SqlSessionFactoryBean">
        <property name="dataSource" ref="dataSource" />
        <!-- 自动扫描mapping.xml文件，classpath后需要输入自己的mapper文件的路径 -->
        <property name="mapperLocations" value="classpath:com/ssm/mapper/*.xml"></property>
        <!-- 配置分页插件 -->
        <property name="plugins">
				    <array>
				      <bean class="com.github.pagehelper.PageHelper">
				        <property name="properties">
				          <value>
				            dialect=mysql
				          </value>
				        </property>
				      </bean>
				    </array>
  		</property>
        
        
    </bean>
</beans>