<?xml version="1.0" encoding="UTF-8"?>
<beans xmlns="http://www.springframework.org/schema/beans"
    xmlns:xsi="http://www.w3.org/2001/XMLSchema-instance" xmlns:p="http://www.springframework.org/schema/p"
    xmlns:context="http://www.springframework.org/schema/context"
    xmlns:mvc="http://www.springframework.org/schema/mvc"
    xmlns:aop="http://www.springframework.org/schema/aop"
    xsi:schemaLocation="http://www.springframework.org/schema/beans     
                        http://www.springframework.org/schema/beans/spring-beans-3.1.xsd     
                        http://www.springframework.org/schema/context     
                        http://www.springframework.org/schema/context/spring-context-3.1.xsd     
                        http://www.springframework.org/schema/mvc     
                        http://www.springframework.org/schema/mvc/spring-mvc-4.0.xsd
                        http://www.springframework.org/schema/aop
                        http://www.springframework.org/schema/aop/spring-aop-4.3.xsd">
 	<!-- Shiro -->
    <bean class="org.springframework.aop.framework.autoproxy.DefaultAdvisorAutoProxyCreator"
          depends-on="lifecycleBeanPostProcessor"/>
   
     	<!--开启aop，对类代理 -->
    <aop:config proxy-target-class="true"/>
	<!-- 开启shiro注解支持 -->
    <bean
        class="org.apache.shiro.spring.security.interceptor.AuthorizationAttributeSourceAdvisor">
        <property name="securityManager" ref="securityManager" />
    </bean>
    <!-- Shiro end-->
    <!--添加注解驱动 -->
    <mvc:annotation-driven />
    <mvc:default-servlet-handler />
    <!--设置使用注解的类所在的包 -->
    <context:component-scan base-package="com.ssm.controller,com.ssm.service.impl" />
    <!--完成请求和注解POJO的映射 -->
    <bean
        class="org.springframework.web.servlet.mvc.annotation.AnnotationMethodHandlerAdapter">
        <property name="messageConverters">
            <list>
                <ref bean="mappingJacksonHttpMessageConverter" /> <!-- JSON转换器 -->
            </list>
        </property>
    </bean>
    <!--定义跳转文件的前后缀，试图模式配置 -->
    <bean
        class="org.springframework.web.servlet.view.InternalResourceViewResolver">
        <property name="prefix" value="/WEB-INF/jsp/" />
        <property name="suffix" value=".jsp" />
    </bean>
    <!--避免IE执行AJAX时，返回JSON出现下载文件 -->
    <bean id="mappingJacksonHttpMessageConverter"
        class="org.springframework.http.converter.json.MappingJacksonHttpMessageConverter">
        <property name="supportedMediaTypes">
            <list>
                <value>text/html;charset=UTF-8</value>
            </list>
        </property>
    </bean>
    <!-- SpringMVC上传文件时，需要配置MultipartResolver处理器 -->
    <bean id="multipartResolver"
        class="org.springframework.web.multipart.commons.CommonsMultipartResolver">
        <!-- 默认编码 -->
        <property name="defaultEncoding" value="utf-8" />
        <!-- 文件大小最大值 -->
        <property name="maxUploadSize" value="10485760000" />
        <!-- 内存中的最大值 -->
        <property name="maxInMemorySize" value="40960" />
    </bean>
    
    <bean class="org.springframework.web.servlet.handler.SimpleMappingExceptionResolver">
		<property name="exceptionMappings">
			<props>
				<prop key="org.apache.shiro.authz.UnauthorizedException">/error</prop>
			</props>
		</property>
	</bean>
    

</beans>