<?xml version="1.0" encoding="UTF-8"?>
<!DOCTYPE mapper PUBLIC "-//mybatis.org//DTD Mapper 3.0//EN" "http://mybatis.org/dtd/mybatis-3-mapper.dtd" >
<mapper namespace="com.ssm.dao.ICourseDao">
<resultMap id="BaseResultMap" type="com.ssm.pojo.Course">
        <result column="id" property="id" jdbcType="INTEGER" />
        <result column="coursename" property="coursename" jdbcType="VARCHAR" />
        <result column="teacherid" property="teacherid" jdbcType="INTEGER" />
        <result column="classroomid" property="classroomid" jdbcType="INTEGER" />
        <result column="courseprice" property="courseprice" jdbcType="INTEGER" />
        
        <result column="courseplace" property="courseplace" jdbcType="INTEGER" />
        <result column="coursenum" property="coursenum" jdbcType="VARCHAR" />
        <result column="oldstarttime" property="oldstarttime" jdbcType="TIMESTAMP" />
        <result column="oldendtime" property="oldendtime" jdbcType="TIMESTAMP" />
        <result column="newstarttime" property="newstarttime" jdbcType="TIMESTAMP" />
        
        <result column="newendtime" property="newendtime" jdbcType="TIMESTAMP" />
        <result column="isopenold" property="isopenold" jdbcType="CHAR" />
        <result column="studentnum" property="studentnum" jdbcType="INTEGER" />
        <result column="courseduration" property="courseduration" jdbcType="INTEGER" />
        <result column="coursetimeweek" property="coursetimeweek" jdbcType="VARCHAR" />
        
        <result column="coursestarttime" property="coursestarttime" jdbcType="TIMESTAMP" />
        <result column="courseendtime" property="courseendtime" jdbcType="TIMESTAMP" />
        <result column="remark" property="remark" jdbcType="VARCHAR" />
        <result column="courseage" property="courseage" jdbcType="INTEGER" />
        <result column="createtime" property="createtime" jdbcType="TIMESTAMP" />
        
        <result column="updatetime" property="updatetime" jdbcType="TIMESTAMP" />
        <result column="subjectid" property="subjectid" jdbcType="INTEGER" />
        <result column="isdel" property="isdel" jdbcType="CHAR" />
        <result column="oldcourseid" property="oldcourseid" jdbcType="INTEGER" />
        <result column="sktime" property="sktime" jdbcType="TIMESTAMP" />
        
        <result column="xktime" property="xktime" jdbcType="TIMESTAMP" />
        <result column="coursegroupimg" property="coursegroupimg" jdbcType="VARCHAR" />

        
 
    </resultMap>
    
    
	<select id="findAll"  resultMap="BaseResultMap">    
        select *  from course    
    </select>

	<insert id="insert" parameterType="com.ssm.pojo.Course">  
        insert into course
        values
        (
        #{id},#{coursename},#{teacherid},#{classroomid},#{courseprice},
        #{courseplace},#{coursenum},#{oldstarttime},#{oldendtime},#{newstarttime},
        #{newendtime},#{isopenold},#{studentnum},#{courseduration},#{coursetimeweek},
        #{coursestarttime},#{courseendtime},#{remark},#{courseage},#{createtime},
        #{updatetime},#{subjectid},#{isdel},#{oldcourseid},#{sktime},
        #{xktime},#{coursegroupimg}
        )  
    </insert>
</mapper>